{
  "timestamp": "2026-03-18T03:11:29.545764",
  "total_tokens": 268504,
  "target_tokens": 2000000000,
  "remaining": 1999731496,
  "progress": 0.000134252
}